Males;Females
Examine;Accentuate
Inspect;Accommodate
Scrutinize;Acknowledge
Probe;Activate
Study;Address
Review;Align
Assess;Amplify
Appraise;Analyze
Dissect;Annotate
Survey;Anticipate
Consider;Appraise
Check;Articulate
Audit;Assemble
Research;Assess
Interpret;Assimilate
Mechanize;Attach
Computerize;Attune
Robotize;Balance
Motorize;Blend
Streamline;Blueprint
Systemize;Bolster
Digitize;Broaden
Instrument;Build
Construct;Calculate
Assemble;Calibrate
Erect;Capture
Fabricate;Categorize
Forge;Center
Form;Chart
Create;Clarify
Produce;Coach
Manufacture;Coalesce
Compose;Cohere
Model;Collect
Shape;Combine
Frame;Commune
Establish;Compare
Found;Compile
Generate;Compose
Reckon;Conceive
Estimate;Conclude
Quantify;Condense
Figure;Conduct
Gauge;Connect
Measure;Consider
Tune;Construct
Adjust;Consult
Align;Contextualize
Balance;Contrast
Normalize;Contribute
Train;Converge
Instruct;Coordinate
Tutor;Craft
Teach;Critique
Guide;Curate
Prepare;Debate
Drill;Deduce
Crunch;Define
Tabulate;Demonstrate
Arrange;Depict
Set;Detect
Organize;Determine
Structure;Direct
Unify;Discern
Merge;Discover
Combine;Discuss
Integrate;Distill
Fuse;Draft
Amalgamate;Elevate
Synchronize;Embellish
Orchestrate;Embody
Harmonize;Emote
Fix;Empower
Repair;Enable
Correct;Encourage
Patch;Enlighten
Clean;Enrich
Assign;Envision
Entrust;Epitomize
Devolve;Estimate
Appoint;Evaluate
Release;Evoke
Launch;Exemplify
Rollout;Explain
Implement;Explore
Spot;Extrapolate
Notice;Figure
Discover;Foresee
Identify;Form
Sense;Formulate
Recognize;Fuse
Advance;Harmonize
Enhance;Hear
Improve;Highlight
Refine;Hypothesize
Evolve;Improvise
Grow;Incorporate
Expand;Indicate
Upgrade;Inform
Encode;Invent
Cipher;Investigate
Obfuscate;Iterate
Judge;Judge
Rate;Lead
Score;Learn
Pull;Map
Draw;Moderate
Abstract;Model
Diagnose;Motivate
Trace;Navigate
Inquire;Note
Invent;Observe
Originate;Organize
Direct;Outline
Command;Perceive
Head;Perfect
Steer;Perform
Sustain;Pilot
Preserve;Pinpoint
Service;Plan
Support;Predict
Administer;Prototype
Supervise;Query
Oversee;Question
Run;Realign
Advise;Recalibrate
Counsel;Recast
Inspire;Reconceptualize
Encourage;Reconstruct
Energize;Redefine
Pilot;Reflect
Route;Reframe
Perfect;Reinterpret
Aim;Reinvent
Design;Relate
Scheme;Render
Map;Represent
Handle;Research
Treat;Reshape
Script;Review
Resolve;Revise
Settle;Rework
Emulate;Scan
Order;Sense
Trial;Shape
Convert;Simulate
Change;Sketch
Shift;Speculate
Confirm;Synthesize
Validate;Teach
Backtest;Test
Benchmark;Theorize
Breakdown;Translate
Characterize;Unify
Clarify;Validate
Decode;Value
Deduce;Verbalize
Derive;Verify
Differentiate;Voice
Distinguish;Abbreviate
Elucidate;Abet
Infer;Abide
Profile;Abound
Substantiate;Absorb
Schedule;Abstract
Template;Accede
Accumulate;Accelerate
Layer;Accept
Stack;Access
Project;Acclaim
Forecast;Acclimate
Predict;Accompany
Empower;Accomplish
Customize;Accord
Personalize;Accrete
Stabilize;Accrue
Reinforce;Acculturate
Facilitate;Accumulate
Outsource;Accurize
Distribute;Accustom
Flag;Ace
Trigger;Achieve
Prototype;Acquaint
Experiment;Acquire
Protect;Act
Mine;Add
Isolate;Adduce
Reinvent;Adept
Update;Administer
Stimulate;Adopt
Scan;Adorn
Acclimate;Advance
Parametrize;Advert
Brainstorm;Affect
Virtualize;Affirm
Codify;Afford
Reengineer;Afforest
Authenticate;Affix
Refactor;Aggregate
Act;Aggrandize
Adapt;Agitate
Address;Agree
Allocate;Aid
Amend;Alleviate
Announce;Allocate
Apply;Allow
Approve;Allude
Assist;Alter
Authorize;Amalgamate
Boost;Amass
Brief;Amend
Broker;Americanize
Budget;Anchor
Capture;Annex
Carry;Announce
Catalog;Annunciate
Categorize;Answer
Centralize;Appeal
Chart;Appease
Classify;Apply
Collaborate;Arbitrate
Collect;Architect
Communicate;Argue
Compare;Arrange
Compile;Ascend
Conclude;Ascertain
Conduct;Ascribe
Connect;Assert
Conserve;Assist
Consult;Associate
Contain;Attain
Control;Attest
Convey;Audit
Critique;Augment
Cultivate;Authenticate
Decide;Authorize
Decompose;Avail
Deduplicate;Aver
Define;Bargain
Deliver;Batten
Demonstrate;Bear
Determine;Behold
Dispatch;Bend
Document;Bestow
Draft;Better
Drive;Bless
Edit;Block
Eliminate;Bloom
Emphasize;Boost
Enable;Borrow
Enforce;Bound
Engage;Brand
Enrich;Breed
Ensure;Bridge
Execute;Broker
Expedite;Call
Explain;Care
Export;Centralize
Express;Certify
File;Chair
Filter;Challenge
Finalize;Champion
Formulate;Channel
Forward;Characterize
Govern;Check
Group;Chisel
Highlight;Classify
Incorporate;Cleanse
Increase;Coax
Indicate;Color
Influence;Commence
Inform;Commingle
Initiate;Commit
Install;Compel
Intensify;Comprehend
Interview;Compute
Introduce;Concrete
Leverage;Confer
Link;Confirm
Modify;Conserve
Monitor;Consolidate
Negotiate;Contain
Notify;Contemplate
Observe;Continue
Operate;Convene
Outline;Convince
Overhaul;Correlate
Package;Corroborate
Pinpoint;Customize
Prioritize;Debug
Promote;Decide
Proofread;Decipher
Propose;Decode
Provide;Deconstruct
Question;Deduplicate
Rank;Defend
Rebuild;Delegate
Recode;Deliver
Recover;Deply
Redesign;Derive
Reduce;Describe
Reflect;Detail
Register;Develop
Regulate;Diagram
Reorganize;Dictate
Report;Digitize
Represent;Disambiguate
Restructure;Disassemble
Revise;Disburse
Secure;Disentangle
Select;Dissect
Separate;Distinguish
Sequence;Distribute
Simplify;Document
Solve;Drive
Sort;Eliminate
Specify;Emend
Strengthen;Emerge
Submit;Enact
Summarize;Encapsulate
Track;Endorse
Translate;Energize
Transmit;Engineer
Visualize;Enhance
Win;Enlist
Write;Ensure
Accelerate;Equalize
Achieve;Equip
Acquire;Establish
Advocate;Examine
Amplify;Excel
Arbitrage;Exchange
Author;Exclude
Capitalize;Execute
Chair;Exercise
Conceive;Exhibit
Craft;Expand
Devise;Expose
Envision;Extol
Mobilize;Fashion
Pioneer;Feature
Reconcile;Feed
Utilize;Fertilize
Anticipate;File
Articulate;Filter
Challenge;Finalize
Conceptualize;Fix
Defer;Flag
Disentangle;Flash
Elevate;Flesh
Engender;Flourish
Escalate;Flow
Ideate;Focus
Illuminate;Forge
Iterate;Format
Mediate;Fortify
Position;Forward
Reframe;Free
Reshape;Freestyle
After;Furnish
Ameliorate;Gage
Assay;Gauge
Augment;Germinate
Baby-sit;Gestate
Better;Glean
Boss;Govern
Call;Grade
Canvass;Grasp
Captain;Group
Case;Harvest
Chaperon;Head
Chew;Heighten
Civilize;Help
Concert;Herald
Confab;Identify
Convalesce;Ignite
Criticize;Imbue
Delve;Imitate
Designate;Immersify
Dig;Impart
Disburse;Implement
Dominate;Impress
Emend;Imprint
Engineer;Improve
Eye;Incentivize
Finger;Include
Frisk;Induce
Go;Infra-design
Gun;Initiate
Hash;Innovate
Help;Input
Hone;Inquire
Interrogate;Insert
Keep;Install
Lift;Institute
Look;Instruct
Make;Intensify
Manipulate;Intervene
Meliorate;Interview
Mend;Invite
Minister;Invoke
Officiate;Itemize
Parse;Justify
Pat;Keep
Peruse;Kindle
Pick;Label
Ply;Leverage
Polish;Liberate
Ponder;Light
Pore;Link
Preside;List
Progress;Localize
Prospect;Locate
Prove;Magnify
Purify;Manage
Quarterback;Manifest
Raise;Market
Rally;Master
Read;Match
Reconnoiter;Measure
Rectify;Mechanize
Recuperate;Meditate
Reform;Meld
Rehash;Mentor
Request;Merge
Revamp;Mimic
Ride;Mine
Rule;Minimize
Scope;Mirror
Screen;Modernize
Search;Modify
Sharpen;Monitor
Shepherd;Mould
Sift;Mount
Sit;Multiply
Size;Narrow
Skipper;Notice
Skyrocket;Normalize
Spawn;Operate
Start;Opt
Superintend;Optimize
Sweep;Option
Take;Oversee
Top;Pair
Try;Parallel
Turn;Paraphrase
Vet;Parse
View;Participate
Watch;Patronize
Weigh;Pattern
Wield;Permeate
Winnow;Permute
Abbreviate;Peruse
Absolve;Plant
Accede;Play
Accentuate;Plot
Access;Poise
Acclaim;Polarize
Accommodate;Polish
Accompany;Ponder
Accomplish;Port
Accrete;Position
Accurize;Pose
Add;Postulate
Adopt;Practice
Advert;Prefer
Affect;Prepare
Affirm;Prescribe
Aggregate;Present
Agglomerate;Preserve
Aggrandize;Prevail
Alleviate;Probe
Allow;Process
Amass;Procure
Anchor;Produce
Annex;Profile
Annotate;Program
Answer;Project
Appease;Promote
Arbitrate;Prompt
Architect;Proof
Argue;Propel
Ascertain;Prospect
Assert;Prove
Assimilate;Provide
Associate;Publicize
Attain;Pull
Attest;Pulse
Bargain;Purify
Bend;Quantify
Blend;Quicken
Block;Rank
Bolster;Rate
Borrow;Readdress
Bound;Rebalance
Broaden;Reboot
Certify;Rebrand
Champion;Rebuild
Channel;Recall
Cleanse;Recenter
Coalesce;Recheck
Co-align;Recode
Co-create;Recombine
Commence;Record
Commingle;Recover
Commit;Recreate
Condense;Rectify
Confer;Redesign
Consume;Rediscover
Contextualize;Redistribute
Continue;Reduce
Contribute;Reference
Convene;Reform
Converge;Refresh
Correlate;Reindex
Corroborate;Reinvest
Curate;Relay
Cycle;Relisten
Decipher;Rely
Deconstruct;Remake
Defend;Remap
Depict;Remedy
Describe;Remix
Detail;Remove
Dictate;Renew
Disambiguate;Renovate
Disassemble;Reorder
Dissolve;Reorganize
Effect;Reorient
Embody;Repair
Emerge;Repeat
Empathize;Replace
Enact;Report
Engine;Reproduce
Enter;Request
Enumerate;Resolve
Equalize;Respond
Equip;Restore
Excel;Restructure
Exhibit;Retool
Expose;Retrieve
Extrapolate;Return
Fashion;Reveal
Focus;Rewrite
Format;Rotate
Fortify;Route
Foster;Rule
Function;Sample
Grade;Sanitize
Grasp;Schedule
Harvest;Scope
Heighten;Scrutinize
Hypothesize;Search
Illustrate;Select
Imitate;Separate
Imply;Sequence
Incentivize;Serve
Incubate;Settle
Index;Share
Induce;Sharpen
Infra-engineer;Shift
Input;Show
Intervene;Simplify
Invalidate;Sculpt
Inventory;Signal
Invoke;Simmer
Itemize;Siphon
Justify;Slant
Learn;Solidify
List;Solve
Localize;Sort
Manifest;Spark
Market;Specify
Master;Splice
Match;Sponsor
Minimize;Spot
Moderate;Spearhead
Modernize;Stabilize
Mount;Standardize
Multiply;Start
Note;Steer
Option;Stimulate
Parallelize;Stitch
Participate;Strategize
Patrol;Streamline
Pattern;Strengthen
Peer-review;Structure
Perceive;Study
Perform;Substantiate
Proof;Suggest
Query;Summarize
Quit;Supply
Reboot;Support
Recall;Survey
Recast;Sustain
Recenter;Synergize
Recheck;Synchronize
Recombine;Tabulate
Reconstruct;Tailor
Record;Target
Recreate;Think
Redeem;Thrive
Redistribute;Tone
Reference;Transform
Refresh;Transmit
Refurbish;Treasure
Reiterate;Triangulate
Reindex;Trigger
Reinstall;Tune
Reinvest;Tutor
Reject;Typeset
Relate;Uncover
Relearn;Understand
Remake;Unpack
Remap;Update
Remedy;Upgrade
Remix;Upscale
Remove;Use
Render;Venture
Renew;Vet
Reorder;View
Repeat;Weave
Replace;Weigh
Reproduce;Witness
Respond;Wire
Restore;Word
Retool;Work
Retrieve;Write
Return;Accredit
Revalidate;Apportion
Revitalize;Approximate
Rework;Augur
Rewrite;Blendify
Sample;Codify
Sanitize;Collocate
Scrub;Concur
Serve;Crosscheck
Skip;Decenter
Smooth;Derationalize
Supply;Disclose
Synergize;Elucidate
Synthesize;Embolden
Tailor;Exposit
Target;Foretell
Triage;Inflect
Understand;Instigate
Unpack;Modulate
Value;Revalidate
Work;Subdivide
