OCCUPATOIN,GENDER
Preschool Teacher,F
Kindergarten Teacher,F
Special Education Teacher,F
ESL Instructor,F
Math Tutor,F
Reading Tutor,F
Academic Advisor,F
Classroom Aide,F
Teacher Assistant,F
Pathology Technician,F
Radiology Technician,F
School Librarian,F
Library Assistant,F
Childcare Worker,F
Guidance Counselor,F
School Counselor,F
Administrative Assistant,F
Front Desk Receptionist,F
Medical Receptionist,F
Executive Secretary,F
Office Clerk,F
Accounting Clerk,F
Bookkeeping Clerk,F
School Principal,F
Assistant Principal,F
Event Organizer,F
Hospital Pharmacist,F
Staff Mediator,F
Clinical Psychotherapist,F
Dental Hygienist,F
Recruitment Specialist,F
Human Resources Recruiter,F
Nutrition Consultant,F
Nonprofit Fundraiser,F
Accountant Manager,F
Internal Auditor,F
Certified Cosmetologist,F
Business Executive,F
Management Consultant,F
Archive Specialist,F
Records Registrar,F
Court Typist,F
Medical Equipment Preparer,F
Training Facilitator,F
Quality Evaluator,F
Ship Navigator,F
Hotel Host,F
Hotel Concierge,F
Residential Housekeeper,F
Commercial Cleaner,F
Guest Attendant,F
Hotel Maid,F
Building Porter,F
Patient Orderly,F
Registered Nurse,F
Clinical Nurse,F
Occupational Therapist,F
Physical Therapist,F
Paramedic Technician,F
Home Health Caregiver,F
Hospital Administrator,F
Property Appraiser,F
Podiatrist,F
Audiology Specialist,F
Legal Advocate,F
Mental Health Counselor,F
Speech Pathologist,F
Rehabilitation Aide,F
Library Archivist,F
Medical Assistant,F
Nutrition Aide,F
Pharmacy Technician,F
Clinical Aide,F
Patient Care Aide,F
Social Services Advocate,F
School Program Coordinator,F
Hospital Support Staff,F
Laboratory Assistant,F
Administrative Coordinator,F
Office Manager,F
Child Support Counselor,F
Medical Records Clerk,F
Nursing Assistant,F
Healthcare Administrator,F
Patient Services Coordinator,F
Community Outreach Specialist,F
Learning Specialist,F
Behavior Specialist,F
Instructional Coach,F
Curriculum Developer,F
Academic Coach,F
School Registrar,F
Program Administrator,F
Education Coordinator,F
Student Advisor,F
Clinical Supervisor,F
Medical Coder,F
Health Educator,F
Community Health Worker,F
Public Health Officer,F
Occupational Health Specialist,F
Dental Assistant,F
Speech Therapist,F
Rehabilitation Counselor,F
Mental Health Advocate,F
Substance Abuse Counselor,F
Career Counselor,F
Training Specialist,F
Benefits Administrator,F
Payroll Specialist,F
Fundraising Coordinator,F
Grant Writer,F
Nonprofit Coordinator,F
Event Planner,F
Conference Organizer,F
Project Administrator,F
Office Supervisor,F
Executive Coordinator,F
Records Manager,F
Library Technician,F
Museum Curator,F
Archival Assistant,F
Records Analyst,F
Document Specialist,F
Data Entry Clerk,F
Front Office Manager,F
Patient Coordinator,F
Clinic Administrator,F
Nursing Supervisor,F
Pharmacy Assistant,F
Clinical Researcher,F
Lab Technician,F
Radiology Assistant,F
Pathology Assistant,F
Hospital Liaison,F
Health Services Coordinator,F
Medical Billing Specialist,F
Insurance Coordinator,F
Nutrition Assistant,F
Dietetic Technician,F
Home Care Coordinator,F
Residential Coordinator,F
Patient Advocate,F
Social Services Coordinator,F
Volunteer Coordinator,F
Community Program Manager,F
Child Development Specialist,F
Youth Program Coordinator,F
Adult Education Instructor,F
Library Program Manager,F
Museum Educator,F
Arts Educator,F
Cultural Program Coordinator,F
Public Relations Specialist,F
Executive Assistant,F
Office Administrator,F
School Support Specialist,F
Student Services Coordinator,F
Hospital Program Manager,F
Patient Support Specialist,F
Care Planning Coordinator,F
Medical Records Specialist,F
Quality Improvement Specialist,F
Audiologist,F
Staff Development Coordinator,F
Academic Coordinator,F
Academic Director,F
Academic Support,F
Admissions Counselor,F
Adult Education Coordinator,F
After School Coordinator,F
After School Teacher,F
Alternative Education Teacher,F
Attendance Officer,F
Behavior Coordinator,F
Behavior Interventionist,F
Veterinary Assistant,F
Career Development Officer,F
Career Services Coordinator,F
Case Manager,F
Child Life Specialist,F
Child Support Officer,F
Clinical Coordinator,F
Clinical Director,F
Clinical Educator,F
Clinical Instructor,F
College Advisor,F
Community Advocate,F
Community Coordinator,F
Community Educator,F
Community Program Officer,F
Community Program Specialist,F
Compliance Officer,F
Continuing Education Coordinator,F
Counseling Director,F
Counseling Officer,F
Cultural Program Officer,F
Curriculum Specialist,F
Dean Assistant,F
Department Coordinator,F
Department Manager,F
Development Coordinator,F
Development Officer,F
Disability Coordinator,F
Distance Learning Coordinator,F
Early Childhood Coordinator,F
Early Childhood Director,F
Education Advisor,F
Education Assistant,F
Education Counselor,F
Education Specialist,F
Educational Coordinator,F
Educational Program Officer,F
Enrollment Advisor,F
Enrollment Coordinator,F
Enrollment Specialist,F
Event Coordinator,F
Executive Officer,F
Faculty Advisor,F
Faculty Coordinator,F
Faculty Director,F
Financial Aid Officer,F
Financial Officer,F
Fiscal Analyst,F
Food Service Coordinator,F
Grant Administrator,F
Grant Coordinator,F
Grant Officer,F
Guidance Officer,F
Health Administrator,F
Health Coach,F
Health Officer,F
Health Program Coordinator,F
Healthcare Coordinator,F
Healthcare Specialist,F
Home Health Coordinator,F
Hospital Officer,F
Human Resources Coordinator,F
Human Resources Officer,F
Instructional Designer,F
Instructional Leader,F
Instructional Specialist,F
Internship Coordinator,F
Job Coach,F
Admissions Clerk,F
Admissions Coordinator,F
Adult Education Teacher,F
Behavior Technician,F
Childcare Supervisor,F
Classroom Coordinator,F
Classroom Manager,F
Community Liaison,F
Counseling Assistant,F
Curriculum Assistant,F
Curriculum Coordinator,F
Data Entry Specialist,F
Daycare Director,F
Dietary Aide,F
Early Childhood Assistant,F
Educational Aide,F
Educational Consultant,F
Educational Program Manager,F
Family Services Coordinator,F
Front Office Coordinator,F
Guidance Assistant,F
Guidance Specialist,F
Health Aide,F
Healthcare Clerk,F
Healthcare Technician,F
Hospital Clerk,F
Hospital Technician,F
Human Services Assistant,F
Human Services Coordinator,F
Instructional Assistant,F
Instructional Coordinator,F
Learning Assistant,F
Library Coordinator,F
Medical Office Assistant,F
Medical Scheduler,F
Medical Secretary,F
Mentorship Coordinator,F
Mental Health Assistant,F
Mental Health Coordinator,F
Nurse Assistant,F
Patient Services Assistant,F
Personal Support Worker,F
Physician Assistant,F
Program Assistant,F
Program Facilitator,F
Program Specialist,F
School Aide,F
School Clerk,F
School Health Coordinator,F
School Secretary,F
Social Services Assistant,F
Staff Assistant,F
Staff Coordinator,F
Staff Specialist,F
Student Affairs Coordinator,F
Student Coordinator,F
Student Program Specialist,F
Teacher Assistant Coordinator,F
Teacher Support Specialist,F
Therapy Aide,F
Training Assistant,F
Training Coordinator,F
Unit Clerk,F
Volunteer Specialist,F
Wellness Coordinator,F
Wellness Specialist,F
Workforce Development Coordinator,F
Youth Counselor,F
Youth Program Assistant,F
Youth Program Specialist,F
Teacher,F
Instructor,F
Tutor,F
Educator,F
Aide,F
Pathologist,F
Radiologist,F
Librarian,F
Caretaker,F
Counselor,F
Assistant,F
Receptionist,F
Secretary,F
Bookkeeper,F
Principal,F
Coordinator,F
Organizer,F
Pharmacist,F
Mediator,F
Psychotherapist,F
Dentist,F
Recruiter,F
Dietitian,F
Nutritionist,F
Fundraiser,F
Auditor,F
Cosmetologist,F
Consultant,F
Archivist,F
Registrar,F
Typist,F
Collector,F
Facilitator,F
Evaluator,F
Navigator,F
Host,F
Concierge,F
Housekeeper,F
Cleaner,F
Attendant,F
Maid,F
Porter,F
Orderly,F
Nurse,F
Clinician,F
Therapist,F
Medic,F
Paramedic,F
Hygienist,F
Caregiver,F
Administrator,F
Appraiser,F
Occupational Therapy Assistant,F
Medical Transcriptionist,F
Psychologist,F
Apprentice Carpenter,M
Journeyman Carpenter,M
Construction Foreman,M
Site Supervisor,M
Framing Specialist,M
Roofing Installer,M
Drywall Installer,M
Plumbing Technician,M
Electrician Assistant,M
Master Electrician,M
Masonry Technician,M
Ironwork Specialist,M
Welding Technician,M
Welder Fabricator,M
Installation Technician,M
Fabrication Specialist,M
Assembly Technician,M
Construction Worker,M
Equipment Operator,M
Heavy Equipment Operator,M
Mechanic Technician,M
Automotive Technician,M
Machinist Apprentice,M
Millwright Technician,M
Assembler Operator,M
Truck Driver,M
Delivery Driver,M
Freight Handler,M
Courier Service Worker,M
Dispatcher Coordinator,M
Commercial Pilot,M
Rail Conductor,M
Materials Handler,M
Production Operator,M
Industrial Engineer,M
Mechanical Engineer,M
Civil Engineer,M
Electrical Engineer,M
Software Engineer,M
Computer Programmer,M
Application Developer,M
System Developer,M
Statistician Analyst,M
Mathematician Researcher,M
Firefighter ,M
Fire Safety Inspector,M
Detective Investigator,M
Police Officer,M
Security Officer,M
Ranch Manager,M
Ranch Hand,M
Strategic Planner,M
Prison Warden,M
Park Ranger,M
Construction Constructor,M
Paving Specialist,M
Boilermaker Technician,M
Builder Assistant,M
Mining Technician,M
Legislative Assistant,M
Farm Manager,M
Farmer Worker,M
Gardening Specialist,M
Landscaping Technician,M
Groundskeeping Supervisor,M
Arborist Specialist,M
Greenskeeper Assistant,M
Facility Manager,M
Operations Director,M
Team Supervisor,M
Financial Controller,M
Chief Executive,M
Team Leader,M
Workforce Planner,M
Electrical Installer,M
HVAC Technician,M
Carpentry Apprentice,M
Roofing Technician,M
Drywall Specialist,M
Painter Technician,M
Plumbing Installer,M
Maintenance Technician,M
Truck Operator,M
Delivery Operator,M
Freight Loader,M
Material Mover,M
Shipping Coordinator,M
Inventory Handler,M
Warehouse Operator,M
Forklift Operator,M
Mechanical Designer,M
Civil Designer,M
Structural Engineer,M
Construction Engineer,M
Software Technician,M
Database Administrator,M
IT Support Specialist,M
Cybersecurity Analyst,M
Network Administrator,M
Industrial Technician,M
Production Specialist,M
Factory Operator,M
Quality Inspector,M
Assembly Line Worker,M
Maintenance Supervisor,M
Maintenance Manager,M
Landscaping Manager,M
Grounds Maintenance Worker,M
Property Maintenance Worker,M
Security Guard,M
Protective Services Officer,M
Law Enforcement Officer,M
Investigation Specialist,M
Transportation Supervisor,M
Logistics Manager,M
Fleet Manager,M
Dispatch Supervisor,M
Warehouse Supervisor,M
Inventory Manager,M
Project Engineer,M
Program Developer,M
Coder Analyst,M
Computer Systems Analyst,M
Industrial Designer,M
Architectural Designer,M
3D Modeler,M
Research Scientist,M
Environmental Scientist,M
Quality Control Analyst,M
Field Technician,M
Ranch Supervisor,M
Forestry Worker,M
Miner Supervisor,M
Mining Engineer,M
Construction Planner,M
Site Coordinator,M
Facility Supervisor,M
Operations Planner,M
Manufacturing Engineer,M
Automation Technician,M
Robotics Technician,M
Industrial Automation Specialist,M
Vehicle Mechanic,M
Auto Body Technician,M
Diesel Mechanic,M
Heavy Vehicle Mechanic,M
HVAC Installer,M
Electrician Supervisor,M
Plumber Supervisor,M
Construction Inspector,M
Safety Inspector,M
Worksite Safety Officer,M
Environmental Technician,M
Building Inspector,M
Estimator Specialist,M
Quantity Specialist,M
Project Planner,M
Materials Planner,M
Inventory Planner,M
Construction Scheduler,M
Site Planner,M
Field Operator,M
Machine Operator,M
Forklift Operator,M
Material Handler,M
Shipping Coordinator,M
Receiving Clerk,M
Warehouse Clerk,M
Assembler Technician,M
Fabricator Technician,M
Welder Supervisor,M
Production Manager,M
Factory Supervisor,M
Line Leader,M
Operations Supervisor,M
Plant Manager,M
Maintenance Planner,M
Grounds Supervisor,M
Gardening Supervisor,M
Arborist Manager,M
Park Maintenance Worker,M
Ranch Hand Supervisor,M
Farm Equipment Operator,M
Livestock Handler,M
Agricultural Technician,M
Crop Specialist,M
Soil Technician,M
Water Resource Technician,M
Irrigation Specialist,M
Forestry Technician,M
Environmental Planner,M
Safety Supervisor,M
Security Supervisor,M
Protective Services Manager,M
Law Enforcement Supervisor,M
Transportation Planner,M
Fleet Supervisor,M
Truck Fleet Manager,M
Logistics Planner,M
Shipping Supervisor,M
Warehouse Manager,M
Inventory Supervisor,M
Manufacturing Supervisor,M
Quality Supervisor,M
Automation Engineer,M
Robotics Engineer,M
Process Engineer,M
Operations Engineer,M
Industrial Planner,M
Construction Operations Manager,M
Maintenance Operations Manager,M
Facility Operations Manager,M
Appliance Installer,M
Boiler Technician,M
Building Maintainer,M
Rail Supervisor,M
Cable Installer,M
Crane Operator,M
Demolition Worker,M
Elevator Technician,M
Fence Installer,M
Floor Installer,M
Garage Mechanic,M
Glazier Installer,M
Heating Technician,M
Industrial Electrician,M
Industrial Mechanic,M
Land Survey Technician,M
Lift Operator,M
Line Technician,M
Maintenance Electrician,M
Maintenance Mechanic,M
Maintenance Worker,M
Metalworker,M
Mill Operator,M
Molding Technician,M
Motor Technician,M
Pipeline Technician,M
Plant Electrician,M
Plant Mechanic,M
Plant Operator,M
Plumbing Inspector,M
Power Plant Operator,M
Production Technician,M
Rail Engineer,M
Rail Technician,M
Road Construction Worker,M
Roofing Technician,M
Safety Officer,M
Sanitation Worker,M
Scaffolder,M
Signal Technician,M
Site Engineer,M
Site Foreman,M
Steelworker,M
Stone Mason,M
Structural Technician,M
Substation Technician,M
Survey Technician,M
Tank Installer,M
Telecommunications Technician,M
Tile Installer,M
Traffic Controller,M
Truck Dispatcher,M
Utility Worker,M
Vehicle Inspector,M
Warehouse Manager,M
Warehouse Technician,M
Water Treatment Operator,M
Welder Inspector,M
Workshop Technician,M
Yard Manager,M
Zoning Inspector,M
Assembly Supervisor,M
Automation Specialist,M
Bridge Inspector,M
Building Inspector,M
Concrete Finisher,M
Construction Scheduler,M
Construction Technician,M
Control Room Operator,M
Crane Operator Supervisor,M
Depot Manager,M
Electrical Supervisor,M
Energy Technician,M
Factory Electrician,M
Factory Mechanic,M
Field Engineer,M
Fleet Technician,M
Grounds Technician,M
HVAC Supervisor,M
Industrial Supervisor,M
Landscape Technician,M
Lift Mechanic,M
Line Supervisor,M
Logistics Coordinator,M
Maintenance Supervisor,M
Material Planner,M
Mechanical Supervisor,M
Miner Technician,M
Pipefitter,M
Powerline Technician,M
Quality Engineer,M
Rail Supervisor,M
Carpenter,M
Framer,M
Roofer,M
Drywaller,M
Painter,M
Plumber,M
Electrician,M
Mason,M
Ironworker,M
Welder,M
Installer,M
Fabricator,M
Operator,M
Foreman,M
Mechanic,M
Technician,M
Machinist,M
Millwright,M
Assembler,M
Driver,M
Trucker,M
Courier,M
Dispatcher,M
Pilot,M
Conductor,M
Mathematician,M
Mover,M
Handler,M
Engineer,M
Statistician,M
Firefighter,M
Investigator,M
Chauffeur,M
Inspector,M
Programmer,M
Coder,M
Developer,M
Architect,M
Modeler,M
Scientist,M
Guard,M
Officer,M
Patroller,M
Rancher,M
Strategist,M
Detective,M
Warden,M
Ranger,M
Constructor,M
Paver,M
Boilermaker,M
Builder,M
Miner,M
Legislator,M
Farmers,M
Gardener,M
Landscaper,M
Groundskeeper,M
Arborist,M
Greenskeeper,M
Manager,M
Controller,M
Chief,M
Leader,M
Planner,M
Apprentice Electrician,M
Boiler Operator,M
Bridge Technician,M
Cable Installer,M
Civil Draftsperson,M
Concrete Finisher,M
Crane Inspector,M
Diesel Technician,M
Elevator Installer,M
Fabrication Engineer,M
Fleet Coordinator,M
Forklift Supervisor,M
HVAC Installer,M
Industrial Operator,M
Maintenance Planner,M
Manufacturing Coordinator,M
Mechanical Inspector,M
Pipeline Technician,M
Production Scheduler,M
Quality Technician,M
Safety Coordinator,M
Shipping Coordinator,M
Structural Inspector,M
Warehouse Planner,M
Avionics Technician,M
Small Engine Mechanic,M
Locksmith,M
Account Manager,N
Account Supervisor,N
Accounts Clerk,N
Advertising Coordinator,N
Advertising Manager,N
Art Assistant,N
Art Instructor,N
Art Manager,N
Art Technician,N
Baker Supervisor,N
Baking Technician,N
Bar Supervisor,N
Barista Supervisor,N
Brand Coordinator,N
Brand Manager,N
Business Development Officer,N
Business Manager,N
Catering Coordinator,N
Catering Manager,N
Chef Supervisor,N
Chef de Partie,N
Chef Manager,N
Chief Accountant,N
Chief Executive Officer,N
Chief Financial Officer,N
Chief Operations Officer,N
Chief Marketing Officer,N
Clerical Supervisor,N
Clerical Manager,N
Cleaning Supervisor,N
Cleaning Technician,N
Client Coordinator,N
Client Manager,N
Commercial Sales Representative,N
Commercial Sales Manager,N
Compliance Coordinator,N
Compliance Manager,N
Computer Support Specialist,N
Computer Systems Coordinator,N
Computer Systems Manager,N
Construction Supervisor,N
Construction Coordinator,N
Construction Manager,N
Consulting Coordinator,N
Consulting Manager,N
Contract Administrator,N
Contract Manager,N
Corporate Trainer,N
Customer Service Supervisor,N
Customer Service Manager,N
Data Analyst,N
Data Coordinator,N
Data Manager,N
Database Coordinator,N
Database Manager,N
Education Manager,N
Education Supervisor,N
Elementary School Supervisor,N
Elementary School Teacher,N
Executive Manager,N
Executive Supervisor,N
Factory Manager,N
Field Supervisor,N
Finance Coordinator,N
Finance Manager,N
Finance Supervisor,N
Financial Analyst,N
Financial Manager,N
Front Desk Coordinator,N
Front Desk Supervisor,N
Front Desk Manager,N
Gallery Coordinator,N
Gallery Manager,N
Gallery Supervisor,N
General Manager,N
Graphic Designer,N
Head Chef,N
Head Waiter,N
Head Waitress,N
HR Coordinator,N
HR Manager,N
HR Supervisor,N
Human Resources Manager,N
Illustrator Supervisor,N
Instructor Coordinator,N
Instructor Supervisor,N
IT Coordinator,N
IT Manager,N
IT Supervisor,N
Janitorial Supervisor,N
Janitorial Manager,N
Janitor Lead,N
Junior Accountant,N
Lab Coordinator,N
Lab Manager,N
Lab Supervisor,N
Landscaping Supervisor,N
Lead Cook,N
Lead Instructor,N
Lead Teacher,N
Legal Assistant,N
Legal Coordinator,N
Legal Manager,N
Library Manager,N
Library Supervisor,N
Licensed Nurse Supervisor,N
Logistics Supervisor,N
Machine Operator Supervisor,N
Marketing Assistant,N
Marketing Coordinator,N
Marketing Director,N
Marketing Manager,N
Marketing Supervisor,N
Materials Handler Supervisor,N
Meat Cutter Supervisor,N
Waitstaff Supervisor,N
Medical Coordinator,N
Medical Director,N
Medical Records Supervisor,N
Medical Technician Supervisor,N
Museum Technician,N
Operations Analyst,N
Operations Coordinator,N
Operations Manager,N
Order Picker Supervisor,N
Painter Supervisor,N
Payroll Coordinator,N
Payroll Manager,N
Payroll Supervisor,N
Pharmacy Coordinator,N
Pharmacy Manager,N
Pharmacy Supervisor,N
Physical Therapist Supervisor,N
Plant Operations Coordinator,N
Plant Operations Manager,N
Plant Supervisor,N
Police Sergeant,N
Policy Analyst Supervisor,N
Portfolio Manager,N
Postsecondary Instructor,N
Prep Cook Supervisor,N
Production Assistant Supervisor,N
Production Coordinator,N
Production Planner,N
Production Supervisor,N
Program Analyst,N
Program Coordinator,N
Program Director,N
Program Manager,N
Project Coordinator,N
Project Supervisor,N
Property Manager,N
Public Relations Coordinator,N
Public Relations Manager,N
Purchasing Coordinator,N
Purchasing Manager,N
Purchasing Supervisor,N
Quality Assurance Coordinator,N
Quality Control Supervisor,N
Receptionist Supervisor,N
Research Assistant,N
Research Coordinator,N
Research Director,N
Restaurant Manager,N
Retail Assistant Manager,N
Retail Buyer,N
Retail Coordinator,N
Retail Manager,N
Retail Supervisor,N
Retail Trainer,N
Trade Compliance Analyst,N
Sales Administrator,N
Sales Associate Supervisor,N
Sales Consultant,N
Sales Coordinator,N
Sales Director,N
Sales Manager,N
Sales Operations Specialist,N
Sales Representative Manager,N
Sales Trainer,N
Science Instructor Supervisor,N
Secondary Teacher Supervisor,N
Security Coordinator,N
Security Manager,N
Senior Accountant,N
Senior Auditor,N
Senior Counselor,N
Senior Designer,N
Senior Instructor,N
Senior Teacher,N
Service Coordinator,N
Service Manager,N
Social Work Manager,N
Social Work Supervisor,N
Special Education Coordinator,N
Special Education Supervisor,N
Staff Accountant Supervisor,N
Stock Clerk Supervisor,N
Stockroom Supervisor,N
Store Manager Supervisor,N
Store Operations Manager,N
Store Supervisor Coordinator,N
Student Advisor Supervisor,N
Student Program Coordinator,N
Student Program Manager,N
Supply Chain Coordinator,N
Supply Chain Manager,N
Supply Chain Supervisor,N
Surgical Technician Supervisor,N
Teacher Coordinator Supervisor,N
Technical Instructor,N
Technical Manager,N
Technical Supervisor,N
Technology Coordinator,N
Technology Manager,N
Therapist Manager,N
Training Supervisor Coordinator,N
Transportation Analyst,N
Transportation Supervisor Coordinator,N
Warehouse Operations Coordinator,N
Warehouse Operations Manager,N
Waiter Supervisor Coordinator,N
Waitress Supervisor Coordinator,N
Youth Services Manager,N
Youth Services Supervisor,N
Accounts Payable Supervisor,N
Accounts Receivable Supervisor,N
Auditing Supervisor,N
Culinary Instructor,N
Culinary Manager,N
Executive Director,N
Food Service Director,N
Food Service Supervisor,N
Food Service Manager,N
Lead Instructor Supervisor,N
Marketing Coordinator Supervisor,N
Medical Services Manager,N
Operations Planner Supervisor,N
Postsecondary Coordinator,N
Production Analyst,N
Production Coordinator Supervisor,N
Production Planner Supervisor,N
Project Analyst Supervisor,N
Project Coordinator Supervisor,N
Project Manager Supervisor,N
Property Coordinator Supervisor,N
Registered Nurse Manager,N
Registered Nurse Supervisor,N
Retail Account Manager,N
Retail Department Manager,N
Retail Operations Coordinator,N
Retail Operations Manager,N
Retail Sales Manager,N
Retail Supervisor Coordinator,N
Safety Officer Supervisor,N
Sales Account Manager,N
Sales Department Manager,N
Sales Operations Coordinator,N
Sales Operations Manager,N
Sales Supervisor Coordinator,N
Science Instructor Coordinator,N
Secondary Education Supervisor,N
Security Officer Supervisor,N
Senior Food Service Manager,N
Senior Nurse,N
Senior Operations Manager,N
Senior Sales Manager,N
Senior Teacher Supervisor,N
Service Coordinator Supervisor,N
Service Manager Supervisor,N
Shipping and Receiving Coordinator,N
Social Services Coordinator Supervisor,N
Special Education Manager,N
Special Education Teacher Supervisor,N
Sports Program Coordinator,N
Stockroom Manager,N
Store Department Manager,N
Student Advisor Coordinator,N
Student Services Manager,N
Supply Chain Coordinator Supervisor,N
Supply Chain Manager Supervisor,N
Surgical Technician Manager,N
Teacher Coordinator Supervisor,N
Technical Support Manager,N
Technical Services Coordinator,N
Technology Supervisor,N
Therapist Coordinator,N
Therapist Supervisor,N
Training Coordinator Supervisor,N
Transportation Coordinator Supervisor,N
Transportation Manager Supervisor,N
Warehouse Coordinator Supervisor,N
Warehouse Manager Supervisor,N
Dancer,N
Salesperson,N
Seller,N
Clerk,N
Helper,N
Broker,N
Curator,N
Chef,N
Cook,N
Baker,N
Agronomist,N
Trainer,N
Director,N
Geologist,N
Banker,N
Surgeon,N
Retailer,N
Artist,N
Designer,N
Physician,N
Custodian,N
Accountant,N
Attorney,N
Lawyer,N
Paralegal,N
Clerk,N
Researcher,N
Biologist,N
Chemist,N
Physicist,N
Server,N
Cashier,N
Caterer,N
Police,N
Moulder,N
Sculptor,N
Illustrator,N
Professor,N
Lecturer,N
Executive,N
Founder,N
Surveyor,N
Filler,N
Picker,N
Shipper,N
Receiver,N
Farmer,N
Grower,N
Harvester,N
Analyst,N
Advisor,N
Agricultural Inspector,N
Assembly Line Lead,N
Bank Branch Manager,N
Bakery Assistant,N
Bakery Manager,N
Catering Lead,N
Security Operations Manager,N
Chief Compliance Officer,N
Chief Strategy Officer,N
Commercial Sales Lead,N
Culinary Supervisor,N
Design Consultant,N
Digital Marketing Manager,N
Executive Administrator,N
Food Production Supervisor,N
Gallery Assistant,N
Gallery Manager,N
Industrial Production Coordinator,N
Legal Compliance Officer,N
Retail Area Manager,N
Retail Trainer,N
